Tool,ID,Page,Label,Precision,Recall,F1,SpatialDist
GROBID,102.tar_1705.05217.gz_final_report_black_subset_3,3,caption,0.7292267966652157,0.8292197848370482,0.7547148375095806,0.9373812562373508
GROBID,143.tar_1509.03588.gz_CeB6_Review_black_subset_4,4,caption,0.0,0.0,0.0,0.0
GROBID,246.tar_1808.08720.gz_conll2018_black_subset_3,3,caption,0.886159033775152,0.8339352529059232,0.8542977575360381,0.9509459087289992
GROBID,247.tar_1710.11035.gz_MTforGSW_black_subset_2,2,caption,0.0,0.0,0.0,0.0
GROBID,75.tar_1505.04211.gz_discoPoly_black_subset_12,12,caption,0.5217934075295193,0.8363448670300128,0.7144894399384216,0.9832973999383742
